<?xml version="1.0" encoding="UTF-8"?>
<project-private xmlns="http://www.netbeans.org/ns/project-private/1">
    <editor-bookmarks xmlns="http://www.netbeans.org/ns/editor-bookmarks/2" lastBookmarkId="0"/>
    <open-files xmlns="http://www.netbeans.org/ns/projectui-open-files/2">
        <group>
            <file>file:/home/alexromanelli/Copy/ifes/disciplinas/tecnico/Linguagem-de-programação/projetos/CadastroDeAlunosSwing/src/cadastrodealunosswing/TelaPrincipal.java</file>
            <file>file:/home/alexromanelli/Copy/ifes/disciplinas/tecnico/Linguagem-de-programação/projetos/CadastroDeAlunosSwing/src/cadastrodealunosswing/CadastroDeAlunosSwing.java</file>
            <file>file:/home/alexromanelli/Copy/ifes/disciplinas/tecnico/Linguagem-de-programação/projetos/CadastroDeAlunosSwing/src/cadastrodealunosswing/TelaRegistroAluno.java</file>
        </group>
    </open-files>
</project-private>
